{
  "configVersion": 1,
  "timestamp": 1692868846697,
  "index": "/index.html",
  "assetGroups": [
    {
      "name": "app",
      "installMode": "prefetch",
      "updateMode": "prefetch",
      "cacheQueryOptions": {
        "ignoreVary": true
      },
      "urls": [
        "/370.3c32202855d4e18e.js",
        "/favicon.ico",
        "/index.html",
        "/main.76ff81503afb2b7c.js",
        "/polyfills.3e09a95c0d39db49.js",
        "/runtime.1293f4a29da6dfa9.js",
        "/scripts.68ed26d13e2edc19.js",
        "/styles.64355be6a0c7822f.css"
      ],
      "patterns": []
    },
    {
      "name": "assets",
      "installMode": "lazy",
      "updateMode": "prefetch",
      "cacheQueryOptions": {
        "ignoreVary": true
      },
      "urls": [
        "/Calibre-Light.0ff1e2bef23f173e.woff",
        "/Calibre-Light.d7e988237b9ae39d.woff2",
        "/Calibre-LightItalic.44560552c8b21566.woff",
        "/Calibre-LightItalic.e4a91e1473ee15cf.woff2",
        "/Calibre-Medium.5111882c5902cb9b.woff2",
        "/Calibre-Medium.6025a4b4c99e6acf.woff",
        "/Calibre-MediumItalic.be217c2ede93894b.woff2",
        "/Calibre-MediumItalic.c208ad34563c6e0d.woff",
        "/Calibre-Regular.909f29a1c35631ca.woff2",
        "/Calibre-Regular.c400f46f6e8e61d5.woff",
        "/Calibre-RegularItalic.00b20aab8baecc34.woff2",
        "/Calibre-RegularItalic.9c53a80a9a25a4bf.woff",
        "/Calibre-Semibold.3155be1c68cea35a.woff",
        "/Calibre-Semibold.63d76c8ceed8bcc0.woff2",
        "/Calibre-SemiboldItalic.a958d7807220dc68.woff2",
        "/Calibre-SemiboldItalic.c4c8636ca594b991.woff",
        "/SFMono-Medium.b14ca9f9d8754e89.woff",
        "/SFMono-Medium.b1fc53682ee07fcd.woff2",
        "/SFMono-MediumItalic.3d39a8387344caa8.woff2",
        "/SFMono-MediumItalic.ee176c42bafcf8a9.woff",
        "/SFMono-Regular.59a04fb989ffcff1.woff2",
        "/SFMono-Regular.6b4c8da0155b8769.woff",
        "/SFMono-RegularItalic.3e8b27063fe0ddfd.woff2",
        "/SFMono-RegularItalic.d605b97bcf57d17d.woff",
        "/SFMono-Semibold.3b4ebc06694aa4bf.woff2",
        "/SFMono-Semibold.849266397229adad.woff",
        "/SFMono-SemiboldItalic.0ef5133ede504d56.woff2",
        "/SFMono-SemiboldItalic.33cb8d6968ae9130.woff",
        "/assets/cv/ewumesh.pdf",
        "/assets/fonts/Calibre/Calibre-Light.ttf",
        "/assets/fonts/Calibre/Calibre-Light.woff",
        "/assets/fonts/Calibre/Calibre-Light.woff2",
        "/assets/fonts/Calibre/Calibre-LightItalic.ttf",
        "/assets/fonts/Calibre/Calibre-LightItalic.woff",
        "/assets/fonts/Calibre/Calibre-LightItalic.woff2",
        "/assets/fonts/Calibre/Calibre-Medium.ttf",
        "/assets/fonts/Calibre/Calibre-Medium.woff",
        "/assets/fonts/Calibre/Calibre-Medium.woff2",
        "/assets/fonts/Calibre/Calibre-MediumItalic.ttf",
        "/assets/fonts/Calibre/Calibre-MediumItalic.woff",
        "/assets/fonts/Calibre/Calibre-MediumItalic.woff2",
        "/assets/fonts/Calibre/Calibre-Regular.ttf",
        "/assets/fonts/Calibre/Calibre-Regular.woff",
        "/assets/fonts/Calibre/Calibre-Regular.woff2",
        "/assets/fonts/Calibre/Calibre-RegularItalic.ttf",
        "/assets/fonts/Calibre/Calibre-RegularItalic.woff",
        "/assets/fonts/Calibre/Calibre-RegularItalic.woff2",
        "/assets/fonts/Calibre/Calibre-Semibold.ttf",
        "/assets/fonts/Calibre/Calibre-Semibold.woff",
        "/assets/fonts/Calibre/Calibre-Semibold.woff2",
        "/assets/fonts/Calibre/Calibre-SemiboldItalic.ttf",
        "/assets/fonts/Calibre/Calibre-SemiboldItalic.woff",
        "/assets/fonts/Calibre/Calibre-SemiboldItalic.woff2",
        "/assets/fonts/Calibre/stylesheet.css",
        "/assets/fonts/SFMono/SFMono-Medium.ttf",
        "/assets/fonts/SFMono/SFMono-Medium.woff",
        "/assets/fonts/SFMono/SFMono-Medium.woff2",
        "/assets/fonts/SFMono/SFMono-MediumItalic.ttf",
        "/assets/fonts/SFMono/SFMono-MediumItalic.woff",
        "/assets/fonts/SFMono/SFMono-MediumItalic.woff2",
        "/assets/fonts/SFMono/SFMono-Regular.ttf",
        "/assets/fonts/SFMono/SFMono-Regular.woff",
        "/assets/fonts/SFMono/SFMono-Regular.woff2",
        "/assets/fonts/SFMono/SFMono-RegularItalic.ttf",
        "/assets/fonts/SFMono/SFMono-RegularItalic.woff",
        "/assets/fonts/SFMono/SFMono-RegularItalic.woff2",
        "/assets/fonts/SFMono/SFMono-Semibold.ttf",
        "/assets/fonts/SFMono/SFMono-Semibold.woff",
        "/assets/fonts/SFMono/SFMono-Semibold.woff2",
        "/assets/fonts/SFMono/SFMono-SemiboldItalic.ttf",
        "/assets/fonts/SFMono/SFMono-SemiboldItalic.woff",
        "/assets/fonts/SFMono/SFMono-SemiboldItalic.woff2",
        "/assets/fonts/SFMono/stylesheet.css",
        "/assets/i18n/ar.json",
        "/assets/i18n/ch.json",
        "/assets/i18n/en.json",
        "/assets/i18n/es.json",
        "/assets/i18n/fr.json",
        "/assets/i18n/jp.json",
        "/assets/i18n/kr.json",
        "/assets/i18n/ru.json",
        "/assets/i18n/th.json",
        "/assets/icons/folder.svg",
        "/assets/icons/icon-128x128.png",
        "/assets/icons/icon-144x144.png",
        "/assets/icons/icon-152x152.png",
        "/assets/icons/icon-192x192.png",
        "/assets/icons/icon-384x384.png",
        "/assets/icons/icon-512x512.png",
        "/assets/icons/icon-72x72.png",
        "/assets/icons/icon-96x96.png",
        "/assets/images/AI.webp",
        "/assets/images/allpasal/a1.webp",
        "/assets/images/allpasal/a2.webp",
        "/assets/images/allpasal/a3.webp",
        "/assets/images/allpasal/a4.webp",
        "/assets/images/allpasal/a5.webp",
        "/assets/images/banner.webp",
        "/assets/images/blogs.webp",
        "/assets/images/brikshya/b1.webp",
        "/assets/images/brikshya/b2.webp",
        "/assets/images/brikshya/b3.webp",
        "/assets/images/brikshya/b4.webp",
        "/assets/images/brikshya/b5.webp",
        "/assets/images/favicon.ico",
        "/assets/images/logo.png",
        "/assets/images/logo.webp",
        "/assets/images/maze.webp",
        "/assets/images/omlot/o1.webp",
        "/assets/images/omlot/o2.webp",
        "/assets/images/omlot/o3.webp",
        "/assets/images/omlot/o4.webp",
        "/assets/images/omlot/o5.webp",
        "/assets/images/omlot/o6.webp",
        "/assets/images/profile.webp",
        "/assets/images/sajha/s1.webp",
        "/assets/images/sajha/s2.webp",
        "/assets/images/sajha/s3.webp",
        "/assets/images/sajha/s4.webp",
        "/assets/images/sajha/s5.webp",
        "/assets/images/venio/v1.webp",
        "/assets/images/venio/v2.webp",
        "/assets/images/venio/v3.webp",
        "/assets/images/venio/v4.webp",
        "/fa-brands-400.0e53fe4feaaacc48.woff",
        "/fa-brands-400.7edea186e9687169.woff2",
        "/fa-brands-400.9c02eaf6eede2776.ttf",
        "/fa-brands-400.a76d53bf993d73a2.svg",
        "/fa-brands-400.b2970adce8797051.eot",
        "/fa-regular-400.04dd5282f2256565.woff",
        "/fa-regular-400.7346017cbe156280.ttf",
        "/fa-regular-400.a0140e7cea6c13f1.eot",
        "/fa-regular-400.e2b3a9dcfb1fca6e.woff2",
        "/fa-regular-400.ee37fbccfd7cfca6.svg",
        "/fa-solid-900.620019ed9d1100b6.woff2",
        "/fa-solid-900.974801a4444657f1.eot",
        "/fa-solid-900.cd7322bf5a6e6fcf.svg",
        "/fa-solid-900.d5b0a3566b352ee9.ttf",
        "/fa-solid-900.e67670b0779338ff.woff",
        "/owl.video.play.e3b436436832b027.png"
      ],
      "patterns": []
    }
  ],
  "dataGroups": [],
  "hashTable": {
    "/370.3c32202855d4e18e.js": "3053e73e21959ca1888abfaed0f2abb192cce441",
    "/Calibre-Light.0ff1e2bef23f173e.woff": "e3fbab74fa86b97c78ad1b1965b327fe5b2a1adb",
    "/Calibre-Light.d7e988237b9ae39d.woff2": "70021b39a260c5f53d2ec5ba30f37163bbe0ef14",
    "/Calibre-LightItalic.44560552c8b21566.woff": "b30ede022817f9f246aa836052cc9f0b811bdc7e",
    "/Calibre-LightItalic.e4a91e1473ee15cf.woff2": "77d65ad0c9315d25097b2ffcf8f492e2c8feba5a",
    "/Calibre-Medium.5111882c5902cb9b.woff2": "71678609ab26279193692e75bfb4ab2aced79087",
    "/Calibre-Medium.6025a4b4c99e6acf.woff": "b1cabbb64c31b8fae26d2f38e28161b6c09949b5",
    "/Calibre-MediumItalic.be217c2ede93894b.woff2": "722e395d83c56ff16f9b66250ab632af61495dce",
    "/Calibre-MediumItalic.c208ad34563c6e0d.woff": "14d4d87e4da12fcc0751a312e47e62c64e226d85",
    "/Calibre-Regular.909f29a1c35631ca.woff2": "06a4c9892bb739ff94813dcc7453c71f856593bb",
    "/Calibre-Regular.c400f46f6e8e61d5.woff": "546f2f112e1a74ea41ab1f2d3a691bcce0ccf0d0",
    "/Calibre-RegularItalic.00b20aab8baecc34.woff2": "be422d393647a6d0362b01c3923c2f526b3cc624",
    "/Calibre-RegularItalic.9c53a80a9a25a4bf.woff": "7326f690d288b44e91b943d25bb605b0f8443562",
    "/Calibre-Semibold.3155be1c68cea35a.woff": "0f6a347a11463c96faf48ca2c49f688781628c62",
    "/Calibre-Semibold.63d76c8ceed8bcc0.woff2": "f63b0d63410b4b6a4549dcfc52ad5c4eee56aeba",
    "/Calibre-SemiboldItalic.a958d7807220dc68.woff2": "1e92e800584c12e6f8364630fbe604d41e9e0008",
    "/Calibre-SemiboldItalic.c4c8636ca594b991.woff": "bd08a8a808ee11f949e216fa019ba25973307b06",
    "/SFMono-Medium.b14ca9f9d8754e89.woff": "fe6e7b4ca992bf0924c94a0702f6950a53be764e",
    "/SFMono-Medium.b1fc53682ee07fcd.woff2": "d43dd506680b943c8c8e35be2dbc8ff240a90ef0",
    "/SFMono-MediumItalic.3d39a8387344caa8.woff2": "ea3d5b7e8f4c276bc310e93d27661f8792d91594",
    "/SFMono-MediumItalic.ee176c42bafcf8a9.woff": "dadc147d0b8694be14baa8633ea2cb83aecf605f",
    "/SFMono-Regular.59a04fb989ffcff1.woff2": "7d8e298f227e732039ad0824454300d569d93738",
    "/SFMono-Regular.6b4c8da0155b8769.woff": "38a93a60d29bc329e02f67c09f3c10b195a0e2f4",
    "/SFMono-RegularItalic.3e8b27063fe0ddfd.woff2": "47da9c8cf6f6f966f424dd90b4fb509dbba83a1c",
    "/SFMono-RegularItalic.d605b97bcf57d17d.woff": "1f67e3c33ece8ed276b8d62f58b96fcf627d1ae7",
    "/SFMono-Semibold.3b4ebc06694aa4bf.woff2": "67f11406382ce4343fe0e31cc93c8ff1d318dd95",
    "/SFMono-Semibold.849266397229adad.woff": "999e816498b39e99896d09cb18614e5bb700fa8e",
    "/SFMono-SemiboldItalic.0ef5133ede504d56.woff2": "3621c6894388833626fd4cf132087a3f46a54a21",
    "/SFMono-SemiboldItalic.33cb8d6968ae9130.woff": "4bb2ddc7da8064698328e123bd3ec673f674a90d",
    "/assets/cv/ewumesh.pdf": "9ca3dd2b571f9a1b20458dce265cb1db97667f37",
    "/assets/fonts/Calibre/Calibre-Light.ttf": "8eccfc3783b04d13dec5887a15c3e00fd28bef7c",
    "/assets/fonts/Calibre/Calibre-Light.woff": "e3fbab74fa86b97c78ad1b1965b327fe5b2a1adb",
    "/assets/fonts/Calibre/Calibre-Light.woff2": "70021b39a260c5f53d2ec5ba30f37163bbe0ef14",
    "/assets/fonts/Calibre/Calibre-LightItalic.ttf": "5497de5148c3bf4a334d7b4594b389e7aebd4edb",
    "/assets/fonts/Calibre/Calibre-LightItalic.woff": "b30ede022817f9f246aa836052cc9f0b811bdc7e",
    "/assets/fonts/Calibre/Calibre-LightItalic.woff2": "77d65ad0c9315d25097b2ffcf8f492e2c8feba5a",
    "/assets/fonts/Calibre/Calibre-Medium.ttf": "38bd8e5450a61380e4c3fca96e8a5bf685807d4e",
    "/assets/fonts/Calibre/Calibre-Medium.woff": "b1cabbb64c31b8fae26d2f38e28161b6c09949b5",
    "/assets/fonts/Calibre/Calibre-Medium.woff2": "71678609ab26279193692e75bfb4ab2aced79087",
    "/assets/fonts/Calibre/Calibre-MediumItalic.ttf": "113c58cfc81fcc45b09f4eae883a92c798922049",
    "/assets/fonts/Calibre/Calibre-MediumItalic.woff": "14d4d87e4da12fcc0751a312e47e62c64e226d85",
    "/assets/fonts/Calibre/Calibre-MediumItalic.woff2": "722e395d83c56ff16f9b66250ab632af61495dce",
    "/assets/fonts/Calibre/Calibre-Regular.ttf": "6eb2a45001d8c07aded2fb9b30290b7f4e6f8e0d",
    "/assets/fonts/Calibre/Calibre-Regular.woff": "546f2f112e1a74ea41ab1f2d3a691bcce0ccf0d0",
    "/assets/fonts/Calibre/Calibre-Regular.woff2": "06a4c9892bb739ff94813dcc7453c71f856593bb",
    "/assets/fonts/Calibre/Calibre-RegularItalic.ttf": "12d4e8ea6eb34c8b41f77ac197f550d904e9b3a5",
    "/assets/fonts/Calibre/Calibre-RegularItalic.woff": "7326f690d288b44e91b943d25bb605b0f8443562",
    "/assets/fonts/Calibre/Calibre-RegularItalic.woff2": "be422d393647a6d0362b01c3923c2f526b3cc624",
    "/assets/fonts/Calibre/Calibre-Semibold.ttf": "b1a21c35b73542b2c89465e2b5d8493b376fafeb",
    "/assets/fonts/Calibre/Calibre-Semibold.woff": "0f6a347a11463c96faf48ca2c49f688781628c62",
    "/assets/fonts/Calibre/Calibre-Semibold.woff2": "f63b0d63410b4b6a4549dcfc52ad5c4eee56aeba",
    "/assets/fonts/Calibre/Calibre-SemiboldItalic.ttf": "20394288cf1f8e0d7505a3baff6bd5678e40265a",
    "/assets/fonts/Calibre/Calibre-SemiboldItalic.woff": "bd08a8a808ee11f949e216fa019ba25973307b06",
    "/assets/fonts/Calibre/Calibre-SemiboldItalic.woff2": "1e92e800584c12e6f8364630fbe604d41e9e0008",
    "/assets/fonts/Calibre/stylesheet.css": "f1b41f5439f44c529c6adaa066f3aecdb5d617ce",
    "/assets/fonts/SFMono/SFMono-Medium.ttf": "b39e8a4e92530a93ac89151e6342bf658a9e0df1",
    "/assets/fonts/SFMono/SFMono-Medium.woff": "fe6e7b4ca992bf0924c94a0702f6950a53be764e",
    "/assets/fonts/SFMono/SFMono-Medium.woff2": "d43dd506680b943c8c8e35be2dbc8ff240a90ef0",
    "/assets/fonts/SFMono/SFMono-MediumItalic.ttf": "465dd887ce1e24a1f0d036424ded0fe9758226aa",
    "/assets/fonts/SFMono/SFMono-MediumItalic.woff": "dadc147d0b8694be14baa8633ea2cb83aecf605f",
    "/assets/fonts/SFMono/SFMono-MediumItalic.woff2": "ea3d5b7e8f4c276bc310e93d27661f8792d91594",
    "/assets/fonts/SFMono/SFMono-Regular.ttf": "72361398a26bb0f1ec9ccc674de3425a69f93723",
    "/assets/fonts/SFMono/SFMono-Regular.woff": "38a93a60d29bc329e02f67c09f3c10b195a0e2f4",
    "/assets/fonts/SFMono/SFMono-Regular.woff2": "7d8e298f227e732039ad0824454300d569d93738",
    "/assets/fonts/SFMono/SFMono-RegularItalic.ttf": "749108a541b6b62c552dae14b624a0b45514ab7e",
    "/assets/fonts/SFMono/SFMono-RegularItalic.woff": "1f67e3c33ece8ed276b8d62f58b96fcf627d1ae7",
    "/assets/fonts/SFMono/SFMono-RegularItalic.woff2": "47da9c8cf6f6f966f424dd90b4fb509dbba83a1c",
    "/assets/fonts/SFMono/SFMono-Semibold.ttf": "eb0f6718392ca164e97ddda33fe783949bf8bd37",
    "/assets/fonts/SFMono/SFMono-Semibold.woff": "999e816498b39e99896d09cb18614e5bb700fa8e",
    "/assets/fonts/SFMono/SFMono-Semibold.woff2": "67f11406382ce4343fe0e31cc93c8ff1d318dd95",
    "/assets/fonts/SFMono/SFMono-SemiboldItalic.ttf": "4989b7a02fc633e60bcb6d6189b5ef2c02d38b66",
    "/assets/fonts/SFMono/SFMono-SemiboldItalic.woff": "4bb2ddc7da8064698328e123bd3ec673f674a90d",
    "/assets/fonts/SFMono/SFMono-SemiboldItalic.woff2": "3621c6894388833626fd4cf132087a3f46a54a21",
    "/assets/fonts/SFMono/stylesheet.css": "b6c8e6eb227dc3d0ae6b70b6a67930b190533453",
    "/assets/i18n/ar.json": "c09bb1fc67626ae2395878f649a3df5a0082e088",
    "/assets/i18n/ch.json": "649d19267d136612ab2c9221df48faa77b7241fa",
    "/assets/i18n/en.json": "54352adad46984696fc2a37885529f0c41fa51f3",
    "/assets/i18n/es.json": "5c9502fcc54df114a846af9f6f18dce16aaf481b",
    "/assets/i18n/fr.json": "a3aeb49851efbd60a753b0073b52cc893efb0825",
    "/assets/i18n/jp.json": "965566ab04e1b025941185c1aab9305eec58e37f",
    "/assets/i18n/kr.json": "be13ba9337c11462487ee3a76de68e5191905777",
    "/assets/i18n/ru.json": "9f488868c61b0b5727477c7598922a9b77ceec8f",
    "/assets/i18n/th.json": "e289bf32a0e5c275d35faa20f11f4aa1223c3c26",
    "/assets/icons/folder.svg": "9b70ce8877c8a727520999b7f6f4756cae8f13b1",
    "/assets/icons/icon-128x128.png": "6ec621358618a961643b4ad9552b2e181e72ac8e",
    "/assets/icons/icon-144x144.png": "c7d201197fa659ec331374dfae0fb24c6f75d5f9",
    "/assets/icons/icon-152x152.png": "6681de6ef55f19c9dbe4b4591d5ae5f6c7c8bfc6",
    "/assets/icons/icon-192x192.png": "1b89f4d7a75909d80045db406274a308436d7fcd",
    "/assets/icons/icon-384x384.png": "511f299b5811e0f8e7d7225a644b72ec5e09171c",
    "/assets/icons/icon-512x512.png": "e77515774ef8bf35a40195d306fa0370c40f57bc",
    "/assets/icons/icon-72x72.png": "60ccb605fd6a976c8ae2e5bc493f8b1208635557",
    "/assets/icons/icon-96x96.png": "139bf643844d40356bf5e460de25852c98d2ca71",
    "/assets/images/AI.webp": "55de9aa1527b64df3c64cb105446f85359538436",
    "/assets/images/allpasal/a1.webp": "3b247d26e69fc417b51618140cd5810428ae8d81",
    "/assets/images/allpasal/a2.webp": "35996d8269ef4dbbc3a5f5cd188fcea19e519953",
    "/assets/images/allpasal/a3.webp": "5eeaa4f4048da26b60b3391c8d12f6ad0297dd02",
    "/assets/images/allpasal/a4.webp": "a98fada49892aee2210bd51661fe0b8a0c078559",
    "/assets/images/allpasal/a5.webp": "ad59a0061901261712f7448fb53fc922223744e0",
    "/assets/images/banner.webp": "b4a6c7aa8e073533e18e96dad0f76b66cf2a6d11",
    "/assets/images/blogs.webp": "fbed421cdfd3ebca508ff58f86103a25160fedc7",
    "/assets/images/brikshya/b1.webp": "5e9d17d88f5f47b2ef4330429b10167023f68231",
    "/assets/images/brikshya/b2.webp": "8a8888f40bccff8fc7ccfb9e82ba4472283fe2ef",
    "/assets/images/brikshya/b3.webp": "c6dcfa088b7da07965e33b7813ada65e11db8299",
    "/assets/images/brikshya/b4.webp": "267847f320975eaa37d680b686e0fee669e75ca4",
    "/assets/images/brikshya/b5.webp": "6fd4cc2060db6b32b4a04e8d75f49f29cda14743",
    "/assets/images/favicon.ico": "d5d3592b0f59ac50d8eb76d3577574ce325bc108",
    "/assets/images/logo.png": "fb74a585a3453e8979cc9c0d4cfe32537dbb116a",
    "/assets/images/logo.webp": "9233d5f672650e28158de32e0cdecc95b106eadc",
    "/assets/images/maze.webp": "7dd791754528440dc3bd8acefdac2b0720e16410",
    "/assets/images/omlot/o1.webp": "9da1e20f247f2981ed61578984fca02c088ebe97",
    "/assets/images/omlot/o2.webp": "44402d738948e120d7d5ce27efd9fa4763c20c45",
    "/assets/images/omlot/o3.webp": "79cea7d0c1254666cff2e32f3979d46f7d465516",
    "/assets/images/omlot/o4.webp": "798ae9a777095b4bf941fadb0e0b63df9146cfef",
    "/assets/images/omlot/o5.webp": "f40ab5034f7f8c0fb16972da53165c1e2094409a",
    "/assets/images/omlot/o6.webp": "c2f252d00ac07adb701a0cdc252565eb9f8276dc",
    "/assets/images/profile.webp": "c1e3ef2606cc60418fb265ff6d15f3d7716b29e9",
    "/assets/images/sajha/s1.webp": "afe084c0fb340f8c9b22bb2547359de2952f0a1e",
    "/assets/images/sajha/s2.webp": "84a82a7eb2d256c3dad807f1f84046b33f2a6bcd",
    "/assets/images/sajha/s3.webp": "2c3e9d4521d48347f184f2797755bae7e72a6bf8",
    "/assets/images/sajha/s4.webp": "c20e1645b1e5f311b78aeb8e37b8bdf3d5f727c7",
    "/assets/images/sajha/s5.webp": "0e99e1acf466ac6956991ea5589501e6c2f553f5",
    "/assets/images/venio/v1.webp": "1a5d88addde4d692656048627128f78779520d58",
    "/assets/images/venio/v2.webp": "b7014dca2e565f97be3bfb2b2f9bc2d15423d5b0",
    "/assets/images/venio/v3.webp": "a3eed13f01689271050722a0fdeb11370a4e640f",
    "/assets/images/venio/v4.webp": "db78e15e2374e13b71a711073abe971e6acdcdf4",
    "/fa-brands-400.0e53fe4feaaacc48.woff": "1e1f02bfa89e179fe2dd1383273b8812aa873418",
    "/fa-brands-400.7edea186e9687169.woff2": "0613c7ebba55ee47ef302c0f7766324692f899a7",
    "/fa-brands-400.9c02eaf6eede2776.ttf": "8ab907083fecaaa2a9ec93b27f884ad74573705c",
    "/fa-brands-400.a76d53bf993d73a2.svg": "907bfbbe295332750575900984a00136de0f0e90",
    "/fa-brands-400.b2970adce8797051.eot": "d1ffd6340cdbf72890ccb67f32015eafc5df51a7",
    "/fa-regular-400.04dd5282f2256565.woff": "3ad4f4e4b1fb3edee3d4ba25e6cdfed2f0b88a54",
    "/fa-regular-400.7346017cbe156280.ttf": "c34acd6818df6db6be41a2e331886765d601f2eb",
    "/fa-regular-400.a0140e7cea6c13f1.eot": "670fb01e4930ae46fe8d6d2b75ead288f54e8e61",
    "/fa-regular-400.e2b3a9dcfb1fca6e.woff2": "13517529affa39e2585c591acae6dc336b6aa917",
    "/fa-regular-400.ee37fbccfd7cfca6.svg": "326e1d8f0b23f6df95cd6784fdf330bc6414ecd0",
    "/fa-solid-900.620019ed9d1100b6.woff2": "0ccb2c814a7e4ca12c4778821633809cb0361eaa",
    "/fa-solid-900.974801a4444657f1.eot": "ea845c59bee4a5c6db774b8d8060f5641b789ae9",
    "/fa-solid-900.cd7322bf5a6e6fcf.svg": "d92687d30fa0d43f9ae71009398507bf813a6875",
    "/fa-solid-900.d5b0a3566b352ee9.ttf": "eb8914f6b1797b45ee0883e6089d92695d9f9441",
    "/fa-solid-900.e67670b0779338ff.woff": "a22acd7697f36e7d4cc31a853c70e776eac54bb1",
    "/favicon.ico": "d5d3592b0f59ac50d8eb76d3577574ce325bc108",
    "/index.html": "845f72419691424488a71651247ab6297b5820ea",
    "/main.76ff81503afb2b7c.js": "68dc8b122a8c94941d8310f876d8d8b3f32ee071",
    "/owl.video.play.e3b436436832b027.png": "c0d64356ec2758cb280d183b4829c923e5ff61e5",
    "/polyfills.3e09a95c0d39db49.js": "e239e91c1b79ba3781cf77d84fba114ed784ed10",
    "/runtime.1293f4a29da6dfa9.js": "1abe8489c9cbf8ac66333c731fdbea964bf7f019",
    "/scripts.68ed26d13e2edc19.js": "cffb6dcf1e317b2859024c20248dd0c50ce6b885",
    "/styles.64355be6a0c7822f.css": "fe7e1152ba802d7cf0cdfacc972e6adc02ce31e4"
  },
  "navigationUrls": [
    {
      "positive": true,
      "regex": "^\\/.*$"
    },
    {
      "positive": false,
      "regex": "^\\/(?:.+\\/)?[^/]*\\.[^/]*$"
    },
    {
      "positive": false,
      "regex": "^\\/(?:.+\\/)?[^/]*__[^/]*$"
    },
    {
      "positive": false,
      "regex": "^\\/(?:.+\\/)?[^/]*__[^/]*\\/.*$"
    }
  ],
  "navigationRequestStrategy": "performance"
}